Workbook

Sheet Resumo
A1: Observatório FBA — Resumo da proposta NatGED
A2: Preço de referência. Todos os valores são calculados a partir das abas Premissas, Componentes e Nuvem.
A4: Grupo | B4: Valor (R$)
A5: Desenvolvimento e implantação (itens 1–17) | B5: =Componentes!$F$22 -> 482480
A6: Operação (itens 18–20) | B6: =Componentes!$F$28 -> 132000
A7: TOTAL | B7: =B5+B6 -> 614480
A9: Horas totais (1–17) | B9: =Componentes!$D$22 -> 2978
A10: Mensalidade de operação | B10: =Componentes!$E$28 -> 5500
A11: Meses de operação | B11: =Premissas!$B$8 -> 24
A12: Cenário: operação com 18 meses (contagem desde a assinatura) | B12: =B10*18 -> 99000
A13: Cenário: total com operação de 18 meses | B13: =B5+B12 -> 581480
A15: Legenda: azul com fundo amarelo = entrada editável · verde = referência a outra aba · preto = fórmula.

Sheet Premissas
A1: Observatório FBA — Premissas de preço (NatGED)
A2: Células em azul com fundo amarelo são editáveis; todas as demais abas recalculam a partir delas.
A4: Premissa | B4: Valor | C4: Unidade | D4: Fonte / observação
A5: Valor-hora (blended) | B5: 160 | C5: R$/h | D5: Informado pela NatGED
A6: Gestão de projeto sobre horas de execução | B6: 0.12 | C6: % | D6: Estimativa NatGED — distribuída nos componentes 1–17
A7: Infraestrutura de homologação durante o desenvolvimento | B7: 6000 | C7: R$ | D7: ~R$ 1.000/mês × 6 meses; somada ao componente 17
A8: Meses de operação (itens 18–20) | B8: 24 | C8: meses | D8: TR §15; usar 18 se a contagem for desde a assinatura (TR §17)
A9: Horas técnicas mensais de backup e segurança | B9: 4 | C9: h/mês | D9: Patches, varreduras, testes de restauração
A10: Ferramentas de backup/monitoramento | B10: 160 | C10: R$/mês | D10: Storage de backup em região separada + monitor
A11: Franquia mensal de suporte e manutenção | B11: 20 | C11: h/mês | D11: Horas não usadas acumulam no trimestre
A12: Alíquota de tributos a adicionar (se valor-hora for líquido) | B12: 0 | C12: % | D12: 0% = valor-hora já inclui tributos. Ajustar conforme regime tributário

Sheet Nuvem
A1: Composição do item 18 — Hospedagem cloud (mensal)
A2: Estimativas a validar na calculadora do provedor (AWS região São Paulo). Valores em R$, câmbio embutido.
A4: Serviço | B4: Fornecedor | C4: R$/mês | D4: Observação
A5: Computação (2 apps + worker), PostgreSQL gerenciado, Redis, storage, balanceador — produção e homologação | B5: AWS (sa-east-1) ou equivalente | C5: 1300 | D5: Estimativa NatGED
A6: CDN / WAF | B6: Cloudflare | C6: 120 | D6: Plano Pro; plano gratuito possível
A7: E-mail transacional (até 10 mil envios/mês) | B7: Amazon SES / Brevo | C7: 80 | D7: Estimativa NatGED
A8: Mapas (tiles) e geocodificação | B8: OpenStreetMap / Nominatim | C8: 0 | D8: Sem custo
A9: Certificado SSL | B9: Let's Encrypt / ACM | C9: 0 | D9: Sem custo
A10: Total mensal — item 18 | C10: =SUM(C5:C9) -> 1500

Sheet Componentes
A1: Proposta de preços — estrutura do TR §15
A2: Edite as horas-base (azul). Horas c/ gestão = horas-base × (1 + % gestão), arredondado.
A4: Nº | B4: Componente | C4: Horas-base | D4: Horas c/ gestão | E4: Custos adicionais (R$) | F4: Valor (R$) | G4: Observação
A5: 1 | B5: Levantamento e arquitetura da informação | C5: 120 | D5: =ROUND(C5*(1+Premissas!$B$6),0) -> 134 | E5: 0 | F5: =(D5*Premissas!$B$5+E5)*(1+Premissas!$B$12) -> 21440
A6: 2 | B6: UX/UI e protótipo | C6: 240 | D6: =ROUND(C6*(1+Premissas!$B$6),0) -> 269 | E6: 0 | F6: =(D6*Premissas!$B$5+E6)*(1+Premissas!$B$12) -> 43040
A7: 3 | B7: Desenvolvimento do portal público | C7: 200 | D7: =ROUND(C7*(1+Premissas!$B$6),0) -> 224 | E7: 0 | F7: =(D7*Premissas!$B$5+E7)*(1+Premissas!$B$12) -> 35840 | G7: Inclui CMS
A8: 4 | B8: Área restrita das organizações | C8: 220 | D8: =ROUND(C8*(1+Premissas!$B$6),0) -> 246 | E8: 0 | F8: =(D8*Premissas!$B$5+E8)*(1+Premissas!$B$12) -> 39360 | G8: Inclui cadastro de organizações e evidências
A9: 5 | B9: Painel administrativo | C9: 220 | D9: =ROUND(C9*(1+Premissas!$B$6),0) -> 246 | E9: 0 | F9: =(D9*Premissas!$B$5+E9)*(1+Premissas!$B$12) -> 39360 | G9: Inclui workflow, notificações, usuários e parâmetros
A10: 6 | B10: Banco de dados | C10: 80 | D10: =ROUND(C10*(1+Premissas!$B$6),0) -> 90 | E10: 0 | F10: =(D10*Premissas!$B$5+E10)*(1+Premissas!$B$12) -> 14400
A11: 7 | B11: Módulo de projetos e eventos | C11: 200 | D11: =ROUND(C11*(1+Premissas!$B$6),0) -> 224 | E11: 0 | F11: =(D11*Premissas!$B$5+E11)*(1+Premissas!$B$12) -> 35840 | G11: Inclui atividades, capacitações e mobilidade
A12: 8 | B12: Calendário | C12: 60 | D12: =ROUND(C12*(1+Premissas!$B$6),0) -> 67 | E12: 0 | F12: =(D12*Premissas!$B$5+E12)*(1+Premissas!$B$12) -> 10720
A13: 9 | B13: Mapa e georreferenciamento | C13: 100 | D13: =ROUND(C13*(1+Premissas!$B$6),0) -> 112 | E13: 0 | F13: =(D13*Premissas!$B$5+E13)*(1+Premissas!$B$12) -> 17920
A14: 10 | B14: Indicadores e dashboards | C14: 200 | D14: =ROUND(C14*(1+Premissas!$B$6),0) -> 224 | E14: 0 | F14: =(D14*Premissas!$B$5+E14)*(1+Premissas!$B$12) -> 35840
A15: 11 | B15: Relatórios e exportações | C15: 160 | D15: =ROUND(C15*(1+Premissas!$B$6),0) -> 179 | E15: 0 | F15: =(D15*Premissas!$B$5+E15)*(1+Premissas!$B$12) -> 28640 | G15: Inclui API
A16: 12 | B16: Formulários e pesquisas | C16: 240 | D16: =ROUND(C16*(1+Premissas!$B$6),0) -> 269 | E16: 0 | F16: =(D16*Premissas!$B$5+E16)*(1+Premissas!$B$12) -> 43040
A17: 13 | B17: LGPD, segurança e logs | C17: 140 | D17: =ROUND(C17*(1+Premissas!$B$6),0) -> 157 | E17: 0 | F17: =(D17*Premissas!$B$5+E17)*(1+Premissas!$B$12) -> 25120
A18: 14 | B18: Acessibilidade digital | C18: 100 | D18: =ROUND(C18*(1+Premissas!$B$6),0) -> 112 | E18: 0 | F18: =(D18*Premissas!$B$5+E18)*(1+Premissas!$B$12) -> 17920
A19: 15 | B19: Testes e homologação | C19: 200 | D19: =ROUND(C19*(1+Premissas!$B$6),0) -> 224 | E19: 0 | F19: =(D19*Premissas!$B$5+E19)*(1+Premissas!$B$12) -> 35840
A20: 16 | B20: Documentação e treinamento | C20: 120 | D20: =ROUND(C20*(1+Premissas!$B$6),0) -> 134 | E20: 0 | F20: =(D20*Premissas!$B$5+E20)*(1+Premissas!$B$12) -> 21440
A21: 17 | B21: Implantação | C21: 60 | D21: =ROUND(C21*(1+Premissas!$B$6),0) -> 67 | E21: =Premissas!$B$7 -> 6000 | F21: =(D21*Premissas!$B$5+E21)*(1+Premissas!$B$12) -> 16720 | G21: Custo adicional = infraestrutura de homologação no desenvolvimento
B22: Subtotal — desenvolvimento e implantação (1–17) | C22: =SUM(C5:C21) -> 2660 | D22: =SUM(D5:D21) -> 2978 | E22: =SUM(E5:E21) -> 6000 | F22: =SUM(F5:F21) -> 482480
A24: Nº | B24: Componente | C24: Base mensal | D24: Meses | E24: Valor mensal (R$) | F24: Valor total (R$) | G24: Composição
A25: 18 | B25: Hospedagem cloud — operação | C25: =Nuvem!$C$10 -> 1500 | D25: =Premissas!$B$8 -> 24 | E25: =(C25)*(1+Premissas!$B$12) -> 1500 | F25: =E25*D25 -> 36000 | G25: Ver aba Nuvem
A26: 19 | B26: Backup e segurança — operação | C26: =Premissas!$B$9 -> 4 | D26: =Premissas!$B$8 -> 24 | E26: =(C26*Premissas!$B$5+Premissas!$B$10)*(1+Premissas!$B$12) -> 800 | F26: =E26*D26 -> 19200 | G26: Horas/mês × valor-hora + ferramentas
A27: 20 | B27: Suporte e manutenção — operação | C27: =Premissas!$B$11 -> 20 | D27: =Premissas!$B$8 -> 24 | E27: =(C27*Premissas!$B$5)*(1+Premissas!$B$12) -> 3200 | F27: =E27*D27 -> 76800 | G27: Franquia h/mês × valor-hora
B28: Subtotal — operação (18–20) | E28: =SUM(E25:E27) -> 5500 | F28: =SUM(F25:F27) -> 132000
B30: TOTAL GERAL | F30: =F22+F28 -> 614480

Sheet Equipe
A1: Alocação da equipe
A2: Distribuição das horas por papel. A diferença deve ser zero.
A4: Papel | B4: Horas | C4: % do total | D4: Valor (R$)
A5: Gerente de projeto | B5: 320 | C5: =IFERROR(B5/$B$11,0) -> 0.10745467 | D5: =B5*Premissas!$B$5 -> 51200
A6: Tech lead / arquiteto | B6: 450 | C6: =IFERROR(B6/$B$11,0) -> 0.15110813 | D6: =B6*Premissas!$B$5 -> 72000
A7: Desenvolvedores full-stack (2) | B7: 1400 | C7: =IFERROR(B7/$B$11,0) -> 0.47011417 | D7: =B7*Premissas!$B$5 -> 224000
A8: Designer UX/UI | B8: 350 | C8: =IFERROR(B8/$B$11,0) -> 0.11752854 | D8: =B8*Premissas!$B$5 -> 56000
A9: QA e acessibilidade | B9: 300 | C9: =IFERROR(B9/$B$11,0) -> 0.10073875 | D9: =B9*Premissas!$B$5 -> 48000
A10: DevOps / infraestrutura | B10: 158 | C10: =IFERROR(B10/$B$11,0) -> 0.053055742 | D10: =B10*Premissas!$B$5 -> 25280
A11: Total alocado | B11: =SUM(B5:B10) -> 2978 | C11: =SUM(C5:C10) -> 1 | D11: =SUM(D5:D10) -> 476480
A12: Horas dos componentes 1–17 | B12: =Componentes!$D$22 -> 2978
A13: Diferença (alocado − componentes) | B13: =B11-B12 -> 0

Sheet Pagamento
A1: Condições de pagamento — desenvolvimento por marcos
A2: Percentuais editáveis; a soma deve ser 100%.
A4: Marco | B4: Semana | C4: % | D4: Valor (R$)
A5: Assinatura do contrato | B5: 0 | C5: 0.1 | D5: =C5*Componentes!$F$22 -> 48248
A6: Aceite dos requisitos e homologação do protótipo | B6: 8 | C6: 0.15 | D6: =C6*Componentes!$F$22 -> 72372
A7: Entrega da versão base | B7: 15 | C7: 0.2 | D7: =C7*Componentes!$F$22 -> 96496
A8: Entrega funcional completa | B8: 20 | C8: 0.2 | D8: =C8*Componentes!$F$22 -> 96496
A9: Versão homologável aceita | B9: 22 | C9: 0.2 | D9: =C9*Componentes!$F$22 -> 96496
A10: Aceite definitivo | B10: 24 | C10: 0.15 | D10: =C10*Componentes!$F$22 -> 72372
A11: Total | C11: =SUM(C5:C10) -> 1 | D11: =SUM(D5:D10) -> 482480
A13: Operação — mensalidade a partir da implantação | D13: =Componentes!$E$28 -> 5500

Sheet Opcionais
A1: Serviços opcionais (fora do total)
A2: Cotação separada conforme TR §15.
A4: ID | B4: Serviço | C4: Horas | D4: Terceiros (R$) | E4: Valor (R$) | F4: Recorrente
A5: O-01 | B5: Construtor de indicadores | C5: 160 | D5: 0 | E5: =(C5*Premissas!$B$5+D5)*(1+Premissas!$B$12) -> 25600 | F5: —
A6: O-02 | B6: BI avançado (Metabase embarcado) | C6: 80 | D6: 0 | E6: =(C6*Premissas!$B$5+D6)*(1+Premissas!$B$12) -> 12800 | F6: + R$ 300/mês infraestrutura
A7: O-03 | B7: Pentest independente + correções | C7: 16 | D7: 20000 | E7: =(C7*Premissas!$B$5+D7)*(1+Premissas!$B$12) -> 22560 | F7: —
A8: O-04 | B8: Notificações por WhatsApp | C8: 80 | D8: 0 | E8: =(C8*Premissas!$B$5+D8)*(1+Premissas!$B$12) -> 12800 | F8: + tarifas Meta por conversa
A9: O-05 | B9: Migração de dados legados | C9: 0 | D9: 0 | E9: =(C9*Premissas!$B$5+D9)*(1+Premissas!$B$12) -> 0 | F9: Sob demanda — R$/h
A10: O-06 | B10: Login Gov.br | C10: 60 | D10: 0 | E10: =(C10*Premissas!$B$5+D10)*(1+Premissas!$B$12) -> 9600 | F10: —
A11: O-07 | B11: PWA com preenchimento offline | C11: 160 | D11: 0 | E11: =(C11*Premissas!$B$5+D11)*(1+Premissas!$B$12) -> 25600 | F11: —
A12: O-08 | B12: Treinamento adicional (por turma de 3 h) | C12: 6 | D12: 0 | E12: =(C12*Premissas!$B$5+D12)*(1+Premissas!$B$12) -> 960 | F12: —
A13: O-09 | B13: Banco de horas evolutivas | C13: 0 | D13: 0 | E13: =(C13*Premissas!$B$5+D13)*(1+Premissas!$B$12) -> 0 | F13: Sob demanda — R$/h
